001	780$x
"1"	
"2"	
"3"	
"4"	
"5"	"0325-3082"
"6"	
"7"	
"8"	
"9"	
"10"	
"11"	
"12"	
"13"	"0325-0164"
"14"	
"15"	
"16"	
"17"	
"18"	
"19"	
"20"	
"21"	
"22"	
"23"	
"24"	
"25"	
"26"	
"27"	
"28"	
"29"	
"30"	
"31"	
"32"	
"33"	
"34"	
"35"	
"36"	
"37"	
"38"	
"39"	
"40"	
"41"	
"42"	
"43"	
"44"	"1422-612X"
"45"	
"46"	
"47"	
"48"	
"49"	
"50"	
"51"	
"52"	
"53"	
"54"	
"55"	
"56"	
"57"	
"58"	
"59"	
"60"	
"61"	
"62"	
"63"	
"64"	
"65"	
"66"	
"67"	
"68"	
"69"	
"70"	
"71"	
"72"	
"73"	
"74"	
"75"	
"76"	"0365-7132;0365-7140"
"77"	
"78"	
"79"	
"80"	
"81"	
"82"	
"83"	"0097-2215"
"84"	
"85"	
"86"	
"87"	
"88"	
"89"	
"90"	
"91"	
"92"	
"93"	
"94"	
"95"	"0326-3487"
"96"	
"97"	
"98"	
"99"	
"100"	
"101"	
"102"	
"103"	"0326-5773"
"104"	
"105"	
"106"	
"107"	
"108"	
"109"	
"110"	
"111"	
"112"	"0065-8189"
"113"	
"114"	
"115"	
"116"	
"117"	
"118"	
"119"	
"120"	
"121"	"0373-7241"
"122"	
"123"	
"124"	"0366-0605"
"125"	
"126"	
"127"	"0797-6151"
"128"	
"129"	
"130"	
"131"	
"132"	"0096-8099"
"133"	"0367-892X"
"134"	
"135"	
"136"	
"137"	
"138"	"0326-3487"
"139"	
"140"	
"141"	"0027-013X"
"142"	"0366-0109"
"143"	
"144"	
"145"	
"146"	
"147"	
"148"	
"149"	
"150"	"0301-7192"
"151"	
"152"	
"153"	
"154"	"0019-0225"
"155"	
"156"	
"157"	
"158"	
"159"	
"160"	
"161"	
"162"	
"163"	
"164"	
"165"	"0325-1357"
"166"	
"167"	
"168"	
"169"	
"170"	
"171"	
"172"	
"173"	
"174"	
"175"	
"176"	
"177"	
"178"	
"179"	
"180"	
"181"	
"182"	
"183"	
"184"	
"185"	
"186"	"0368-2692"
"187"	"0508-3443"
"188"	
"189"	
"190"	
"191"	
"192"	
"193"	
"194"	
"195"	
"196"	
"197"	
"198"	
"199"	
"200"	
"201"	
"202"	
"203"	
"204"	
"205"	"0009-7853"
"206"	
"207"	
"208"	
"209"	"0923-0467"
"210"	
"211"	
"212"	
"213"	
"214"	
"215"	
"216"	
"217"	
"218"	
"219"	
"220"	"0748-3252"
"221"	
"222"	"0181-3056"
"223"	
"224"	
"225"	
"226"	
"227"	
"228"	
"229"	
"230"	
"231"	
"232"	
"233"	
"234"	
"235"	"0192-4230"
"236"	
"237"	
"238"	
"239"	
"240"	
"241"	
"242"	
"243"	
"244"	
"245"	
"246"	
"247"	
"248"	
"249"	
"250"	
"251"	
"252"	
"253"	"0096-0640"
"254"	
"255"	
"256"	"0096-3690 y de;0096-3704"
"257"	
"258"	
"259"	
"260"	
"261"	
"262"	
"263"	
"264"	
"265"	
"266"	"0373-6695"
"267"	
"268"	
"269"	
"270"	
"271"	
"272"	
"273"	
"274"	
"275"	
"276"	
"277"	
"278"	
"279"	
"280"	
"281"	
"282"	
"283"	"0365-3986"
"284"	
"285"	
"286"	
"287"	
"288"	
"289"	"0018-8476"
"290"	
"291"	
"292"	
"293"	
"294"	
"295"	
"296"	
"297"	
"298"	"0536-1516"
"299"	
"300"	
"301"	"0018-9332"
"302"	
"303"	
"304"	
"305"	
"306"	"0367-0317"
"307"	
"308"	"0037-4679"
"309"	
"310"	
"311"	"0750-7240"
"312"	"0750-7240"
"313"	
"314"	"0367-2204"
"315"	
"316"	
"317"	
"318"	
"319"	
"320"	
"321"	
"322"	
"323"	
"324"	
"325"	
"326"	
"327"	
"328"	"0025-2883;0302-2587"
"329"	
"330"	
"331"	
"332"	
"333"	
"334"	
"335"	
"336"	
"337"	
"338"	
"339"	
"340"	
"341"	
"342"	
"343"	
"344"	
"345"	
"346"	
"347"	
"348"	
"349"	
"350"	
"351"	
"352"	
"353"	"0931-6221"
"354"	
"355"	
"356"	
"357"	
"358"	
"359"	
"360"	
"361"	
"362"	
"363"	
"364"	
"365"	"0149-4465"
"366"	
"367"	"0096-0071"
"368"	
"369"	
"370"	
"371"	
"372"	
"373"	
"374"	
"375"	
"376"	
"377"	
"378"	
"379"	"0035-3035"
"380"	
"381"	
"382"	"0080-5963"
"383"	
"384"	
"385"	
"386"	"0024-3302"
"387"	
"388"	
"389"	
"390"	
"391"	
"392"	
"393"	
"394"	
"395"	
"396"	
"397"	"0037-9867"
"398"	
"399"	
"400"	
"401"	
"402"	
"403"	
"404"	"0393-702X"
"405"	
"406"	"0370-7520"
"407"	
"408"	
"409"	
"410"	
"411"	
"412"	"0035-8967"
"413"	
"414"	"0410-3971"
"415"	
"416"	
"417"	
"418"	
"419"	
"420"	
"421"	
"422"	
"423"	
"424"	
"425"	"0022-0825"
"426"	
"427"	
"428"	"0021-9223"
"429"	
"430"	
"431"	
"432"	
"433"	
"434"	
"435"	
"436"	"0044-7951"
"437"	
"438"	"0582-4206"
"439"	
"440"	
"441"	
"442"	
"443"	
"444"	
"445"	
"446"	
"447"	"0190-8294"
"448"	
"449"	
"450"	
"451"	"0043-8375"
"452"	
"453"	
"454"	
"455"	
"456"	
"457"	
"458"	"0002-7464"
"459"	"0883-9247"
"460"	
"461"	"0097-4056 y;0095-9820"
"462"	
"463"	"0885-7040"
"464"	"0988-2529"
"465"	
"466"	
"467"	"0096-0470"
"468"	"0097-711X"
"469"	"0365-9674"
"470"	
"471"	
"472"	
"473"	
"474"	
"475"	"0046-9858"
"476"	"0019-7866"
"477"	"0885-0461"
"478"	
"479"	"0988-2553"
"480"	
"481"	"0537-9229"
"482"	
"483"	
"484"	"0022-4421"
"485"	
"486"	
"487"	
"488"	
"489"	
"490"	"0361-6967"
"491"	
"492"	"0370-8152"
"493"	
"494"	"0013-6131"
"495"	"0894-0630"
"496"	
"497"	"0932-6359"
"498"	"0090-3914"
"499"	
"500"	"0415-5599"
"501"	
"502"	
"503"	
"504"	
"505"	"0097-2118"
"506"	"0367-3367"
"507"	
"508"	"0095-9081"
"509"	"0097-3777"
"510"	
"511"	
"512"	
"513"	
"514"	"0377-7243"
"515"	"0143-702X"
"516"	"0020-3270"
"517"	"0020-3270"
"518"	"0020-3270"
"519"	
"520"	"0143-7070"
"521"	"0020-3270"
"522"	"0143-7097"
"523"	"0020-3270"
"524"	"0163-6812"
"525"	
"526"	
"527"	
"528"	
"529"	
"530"	"0099-7056"
"531"	
"532"	
"533"	
"534"	"0022-2305"
"535"	"0739-3717"
"536"	
"537"	"0041-1647"
"538"	
"539"	"0375-2575"
"540"	
"541"	"0097-8388"
"542"	
"543"	
"544"	"0043-1125 y;0043-115X"
"545"	"0361-4573"
"546"	
"547"	
"548"	
"549"	
"550"	
"551"	
"552"	
"553"	"0740-7467"
"554"	
"555"	
"556"	
"557"	
"558"	
"559"	
"560"	"0096-1663"
"561"	
"562"	"0367-7508"
"563"	
"564"	
"565"	
"566"	"0018-9510"
"567"	
"568"	
"569"	"0018-9421"
"570"	"0096-1000"
"571"	"0096-2260"
"572"	
"573"	
"574"	
"575"	
"576"	
"577"	"0036-066X"
"578"	
"579"	
"580"	"0018-9510"
"581"	"0018-9405"
"582"	"0097-4552"
"583"	
"584"	
"585"	"0018-9537"
"586"	"0096-2503"
"587"	"0370-6087"
"588"	
"589"	
"590"	
"591"	"0020-8450"
"592"	
"593"	"0041-0675"
"594"	"0022-2674"
"595"	
"596"	"0733-1924"
"597"	
"598"	
"599"	"0569-7948"
"600"	"0093-6405"
"601"	"0899-8221"
"602"	"0044-796X"
"603"	
"604"	"0044-7978"
"605"	
"606"	
"607"	
"608"	
"609"	
"610"	
"611"	
"612"	"0020-3270"
"613"	
"614"	"0022-4758"
"615"	"0044-8001"
"616"	
"617"	
"618"	"0030-3623"
"619"	
"620"	"0364-281X"
"621"	"0569-8081"
"622"	
"623"	"1070-6631"
"624"	"0031-9171"
"625"	
"626"	
"627"	
"628"	
"629"	"0340-5044"
"630"	
"631"	
"632"	
"633"	
"634"	
"635"	"0031-8671"
"636"	"0148-9895"
"637"	"0145-0743"
"638"	
"639"	
"640"	"0023-558X"
"641"	
"642"	
"643"	
"644"	"0738-0666"
"645"	
"646"	
"647"	
"648"	
"649"	
"650"	
"651"	"0095-2656"
"652"	"0376-6349"
"653"	"0278-4513"
"654"	
"655"	"0961-3552"
"656"	
"657"	
"658"	
"659"	
"660"	
"661"	
"662"	
"663"	
"664"	
"665"	
"666"	
"667"	
"668"	
"669"	
"670"	
"671"	
"672"	
"673"	
"674"	
"675"	
"676"	
"677"	
"678"	
"679"	
"680"	
"681"	"0375-9350"
"682"	
"683"	
"684"	
"685"	
"686"	
"687"	
"688"	
"689"	
"690"	
"691"	
"692"	
"693"	
"694"	
"695"	
"696"	"0884-822X"
"697"	
"698"	
"699"	
"700"	
"701"	"0367-8032"
"702"	
"703"	
"704"	"0004-556X"
"705"	
"706"	
"707"	"0077-5622"
"708"	"0316-9634"
"709"	"0073-2206"
"710"	"0191-2607"
"711"	
"712"	
"713"	
"714"	
"715"	"0899-8213"
"716"	"0096-6320"
"717"	"0096-6312"
"718"	"0096-784X"
"719"	"1265-7794"
"720"	
"721"	
"722"	"0018-9278"
"723"	
"724"	"0141-5425"
"725"	"0960-764X"
"726"	"0143-7038"
"727"	"0143-7046"
"728"	"0143-7054"
"729"	"0035-3116"
"730"	"0956-375X"
"731"	"0956-3776"
"732"	"0950-107X"
"733"	"0143-7089"
"734"	"0021-1508"
"735"	
"736"	
"737"	
"738"	
"739"	"0143-7062"
"740"	"0148-6411"
"741"	"0018-9367"
"742"	"0020-1154"
"743"	
"744"	
"745"	
"746"	
"747"	
"748"	
"749"	
"750"	
"751"	
"752"	
"753"	
"754"	
"755"	
"756"	
"757"	
"758"	
"759"	
"760"	"0098-4094"
"761"	
"762"	
"763"	
"764"	"0097-2460;0885-8950 y Power apparatus and systems"
"765"	
"766"	
"767"	"0090-6913"
"768"	"0883-2889"
"769"	"0302-0738"
"770"	"0302-0738"
"771"	
"772"	"0095-8522"
"773"	
"774"	"0162-3192"
"775"	
"776"	
"777"	
"778"	
"779"	
"780"	"0022-3719 y;0305-4608"
"781"	
"782"	
"783"	
"784"	"0022-2453"
"785"	
"786"	
"787"	"0732-5460"
"788"	
"789"	
"790"	
"791"	"0031-8663"
"792"	"0096-8390"
"793"	"0262-6438"
"794"	
"795"	
"796"	"0026-2919"
"797"	"0368-4245"
"798"	
"799"	
"800"	
"801"	
"802"	
"803"	
"804"	
"805"	
"806"	
"807"	"0547-866X"
"808"	"0041-1647"
"809"	"0163-7134"
"810"	"1047-7624"
"811"	
"812"	
"813"	"0096-3518"
"814"	"0098-4094"
"815"	
"816"	
"817"	
"818"	"0018-9510"
"819"	
"820"	
"821"	"0022-0809"
"822"	"0096-1957"
"823"	
"824"	
"825"	
"826"	
"827"	"0146-1001"
"828"	"0001-7884"
"829"	"0150-6838"
"830"	
"831"	
"832"	
"833"	
"834"	
"835"	
"836"	"0325-0129"
"837"	
"838"	
"839"	
"840"	
"841"	
"842"	
"843"	"1013-5103"
"844"	
"845"	
"846"	
"847"	
"848"	
"849"	"0453-9222"
"850"	
"851"	
"852"	
"853"	
"854"	
"855"	"0019-8234"
"856"	
"857"	
"858"	"0018-9472"
"859"	
"860"	
"861"	
"862"	"0096-1620"
"863"	
"864"	"0096-2414"
"865"	
"866"	
"867"	
"868"	
"869"	
"870"	
"871"	
"872"	
"873"	
"874"	"0275-1682"
"875"	
"876"	
"877"	
"878"	"0733-9380"
"879"	
"880"	
"881"	
"882"	
"883"	
"884"	
"885"	
"886"	
"887"	
"888"	
"889"	
"890"	"0095-9715"
"891"	
"892"	
"893"	
"894"	
"895"	"0932-0822"
"896"	
"897"	
"898"	
"899"	
"900"	
"901"	
"902"	
"903"	"0018-9472"
"904"	
"905"	"0938-5215"
"906"	"0948-9916"
"907"	"0733-9410"
"908"	
"909"	
"910"	
"911"	
"912"	
"913"	
"914"	
"915"	
"916"	
"917"	
"918"	
"919"	
"920"	
"921"	
"922"	"0018-9472"
"923"	
"924"	
"925"	
"926"	
"927"	
"928"	
"929"	
"930"	"1155-4304 y"
"931"	
"932"	
"933"	
"934"	
"935"	
"936"	
"937"	"0378-9489"
"938"	
"939"	
"940"	
"941"	
"942"	"0044-7994"
"943"	
"944"	
"945"	"1381-2424"
"946"	"0096-364X"
"947"	
"948"	
"949"	
"950"	
"951"	"0550-3329"
"952"	
"953"	
"954"	
"955"	
"956"	"0097-6660"
"957"	
"958"	
"959"	
"960"	"0018-3517"
"961"	
"962"	
"963"	
"964"	
"965"	
"966"	
"967"	
"968"	
"969"	
"970"	
"971"	"0013-5070"
"972"	
"973"	
"974"	
"975"	"0003-4282"
"976"	
"977"	
"978"	
"979"	
"980"	
"981"	
"982"	"0275-3804"
"983"	
"984"	
"985"	
"986"	
"987"	
"988"	
"989"	
"990"	
"991"	"0326-9582"
"992"	
"993"	
"994"	
"995"	
"996"	
"997"	
"998"	
"999"	"0013-7804"
"1000"	
"1001"	
"1002"	
"1003"	
"1004"	
"1005"	"0363-6399"
"1006"	
"1007"	
"1008"	
"1009"	
"1010"	"0009-2703"
"1011"	
"1012"	
"1013"	
"1014"	"0021-8189"
"1015"	
"1016"	
"1017"	
"1018"	
"1019"	
"1020"	
"1021"	
"1022"	"0173-6569"
"1023"	
"1024"	
"1025"	
"1026"	
"1027"	"0585-4369"
"1028"	
"1029"	
"1030"	
"1031"	
"1032"	"0032-4485"
"1033"	
"1034"	
"1035"	
"1036"	
"1037"	
"1038"	
"1039"	
"1040"	
"1041"	
"1042"	
"1043"	
"1044"	
"1045"	
"1046"	
"1047"	"0268-6465"
"1048"	"0268-6694"
"1049"	
"1050"	
"1051"	
"1052"	
"1053"	"0884-481X"
"1054"	
"1055"	
"1056"	
"1057"	"1070-9894"
"1058"	
"1059"	
"1060"	"0096-2236"
"1061"	"0015-637X"
"1062"	
"1063"	
"1064"	
"1065"	
"1066"	
"1067"	
"1068"	
"1069"	
"1070"	"1013-0586"
"1071"	
"1072"	
"1073"	"0148-4478"
"1074"	
"1075"	
"1076"	
"1077"	
"1078"	
"1079"	
"1080"	"1532-0464"
"1081"	"0731-356X"
"1082"	"1358-1856"
"1083"	
"1084"	
"1085"	
"1086"	
"1087"	
"1088"	
"1089"	
"1090"	
"1091"	
"1092"	
"1093"	
"1094"	
"1095"	
"1096"	"0096-1655"
"1097"	
"1098"	"0035-0516"
"1099"	
"1100"	
"1101"	
"1102"	
"1103"	
"1104"	
"1105"	
"1106"	"0379-7759"
"1107"	
"1108"	
"1109"	"0025-2719 y Herramientas"
"1110"	
"1111"	
"1112"	
"1113"	
"1114"	
"1115"	
"1116"	
"1117"	
"1118"	
"1119"	"0018-9324"
"1120"	
"1121"	
"1122"	
"1123"	"0893-7869"
"1124"	
"1125"	
"1126"	"0099-4553"
"1127"	
"1128"	
"1129"	
"1130"	
"1131"	
"1132"	
"1133"	
"1134"	"0882-4967"
"1135"	"0097-6628"
"1136"	
"1137"	
"1138"	
"1139"	
"1140"	
"1141"	
"1142"	
"1143"	
"1144"	
"1145"	
"1146"	
"1147"	
"1148"	
"1149"	
"1150"	"0153-9469"
"1151"	
"1152"	"0032-6100"
"1153"	
"1154"	
"1155"	
"1156"	"1013-5111"
"1157"	
"1158"	
"1159"	
"1160"	
"1161"	
"1162"	
"1163"	
"1164"	
"1165"	
"1166"	
"1167"	"0316-215X"
"1168"	
"1169"	
"1170"	"0018-9502"
"1171"	
"1172"	
"1173"	
"1174"	
"1175"	
"1176"	
"1177"	
"1178"	
"1179"	
"1180"	
"1181"	
"1182"	
"1183"	
"1184"	
"1185"	
"1186"	
"1187"	"0021-7832"
"1188"	"0368-3842"
"1189"	
"1190"	
"1191"	
"1192"	"0021-8871"
"1193"	
"1194"	"0268-2575"
"1195"	"0268-2575"
"1196"	
"1197"	
"1198"	
"1199"	
"1200"	
"1201"	"0044-2801"
"1202"	
"1203"	
"1204"	"0095-9057"
"1205"	
"1206"	
"1207"	
"1208"	"0369-3265 y;0368-3273"
"1209"	"0368-3230"
"1210"	
"1211"	"0022-3689"
"1212"	"0368-3508"
"1213"	
"1214"	
"1215"	
"1216"	"0262-8171"
"1217"	
"1218"	
"1219"	
"1220"	
"1221"	"0950-7671"
"1222"	
"1223"	
"1224"	
"1225"	
"1226"	
"1227"	
"1228"	
"1229"	"0148-9909"
"1230"	
"1231"	"0569-8073"
"1232"	
"1233"	
"1234"	
"1235"	"1060-1783"
"1236"	"0502-2568"
"1237"	
"1238"	
"1239"	
"1240"	
"1241"	"0095-9812"
"1242"	
"1243"	
"1244"	
"1245"	
"1246"	"0193-0796"
"1247"	
"1248"	"0091-1801"
"1249"	"0022-5355"
"1250"	
"1251"	
"1252"	"0569-8030"
"1253"	
"1254"	"0009-241X"
"1255"	
"1256"	
"1257"	"0022-4952"
"1258"	"0045-6470"
"1259"	"0022-4944"
"1260"	
"1261"	"0368-1769"
"1262"	"0368-1769"
"1263"	"0368-1769"
"1264"	"0368-2099"
"1265"	"0368-2102"
"1266"	"0368-2102"
"1267"	
"1268"	
"1269"	"0367-7540"
"1270"	"0367-7559"
"1271"	"0367-7567"
"1272"	
"1273"	"0009-2887"
"1274"	"0099-2887"
"1275"	
"1276"	
"1277"	
"1278"	
"1279"	
"1280"	
"1281"	"0367-7559,;0367-7567 y;0369-8920"
"1282"	
"1283"	
"1284"	
"1285"	
"1286"	
"1287"	"0030-3941"
"1288"	
"1289"	
"1290"	
"1291"	
"1292"	"0898-042X"
"1293"	
"1294"	
"1295"	
"1296"	
"1297"	
"1298"	
"1299"	"0044-8028"
"1300"	
"1301"	
"1302"	
"1303"	
"1304"	"0368-4865"
"1305"	
"1306"	
"1307"	
"1308"	
"1309"	
"1310"	
"1311"	"0171-4511"
"1312"	
"1313"	"0368-8941"
"1314"	
"1315"	
"1316"	
"1317"	
"1318"	"0399-3892"
"1319"	
"1320"	
"1321"	
"1322"	"0040-9219"
"1323"	
"1324"	
"1325"	
"1326"	
"1327"	"0272-2887"
"1328"	"0096-9435"
"1329"	"0272-2895"
"1330"	
"1331"	
"1332"	
"1333"	
"1334"	
"1335"	
"1336"	
"1337"	
"1338"	
"1339"	
"1340"	"0149-3388"
"1341"	"0025-2378"
"1342"	"0399-1113"
"1343"	
"1344"	
"1345"	
"1346"	
"1347"	
"1348"	
"1349"	
"1350"	
"1351"	
"1352"	
"1353"	"0369-1616"
"1354"	
"1355"	
"1356"	
"1357"	
"1358"	"0369-2674"
"1359"	
"1360"	
"1361"	
"1362"	
"1363"	
"1364"	
"1365"	
"1366"	
"1367"	
"1368"	
"1369"	"0369-3015"
"1370"	
"1371"	
"1372"	
"1373"	
"1374"	
"1375"	"0369-1624"
"1376"	
"1377"	
"1378"	
"1379"	
"1380"	
"1381"	"0210-2218"
"1382"	
"1383"	
"1384"	
"1385"	"0021-4744 y;0029-067X"
"1386"	
"1387"	
"1388"	
"1389"	
"1390"	
"1391"	
"1392"	
"1393"	
"1394"	
"1395"	"0029-5582"
"1396"	
"1397"	
"1398"	"0280-896X"
"1399"	
"1400"	
"1401"	"0369-6405"
"1402"	
"1403"	
"1404"	
"1405"	
"1406"	
"1407"	
"1408"	
"1409"	"0035-2489"
"1410"	
"1411"	
"1412"	
"1413"	
"1414"	
"1415"	"0029-6341"
"1416"	"0029-6341"
"1417"	
"1418"	
"1419"	
"1420"	
"1421"	
"1422"	
"1423"	
"1424"	
"1425"	
"1426"	
"1427"	
"1428"	
"1429"	"0026-8224"
"1430"	
"1431"	
"1432"	
"1433"	
"1434"	"0096-0462"
"1435"	
"1436"	"0363-8405"
"1437"	
"1438"	
"1439"	
"1440"	
"1441"	
"1442"	
"1443"	
"1444"	
"1445"	"0031-7918"
"1446"	
"1447"	
"1448"	
"1449"	
"1450"	
"1451"	
"1452"	
"1453"	
"1454"	"0031-8957"
"1455"	"0370-1972"
"1456"	
"1457"	"0031-899X"
"1458"	"0556-2805"
"1459"	"0031-899X"
"1460"	"0031-899X"
"1461"	
"1462"	"0031-9163"
"1463"	"0031-9163"
"1464"	
"1465"	
"1466"	
"1467"	
"1468"	
"1469"	
"1470"	"0032-0196"
"1471"	
"1472"	
"1473"	
"1474"	
"1475"	
"1476"	
"1477"	
"1478"	"0374-4000"
"1479"	
"1480"	
"1481"	"0170-950X"
"1482"	
"1483"	
"1484"	
"1485"	
"1486"	
"1487"	
"1488"	"0066-0515"
"1489"	
"1490"	
"1491"	"0367-7567"
"1492"	
"1493"	
"1494"	
"1495"	
"1496"	
"1497"	"0731-5996"
"1498"	
"1499"	
"1500"	
"1501"	
"1502"	
"1503"	"0370-1546"
"1504"	
"1505"	
"1506"	
"1507"	
"1508"	
"1509"	
"1510"	
"1511"	
"1512"	
"1513"	
"1514"	
"1515"	
"1516"	"0367-4355"
"1517"	
"1518"	
"1519"	
"1520"	
"1521"	
"1522"	
"1523"	
"1524"	
"1525"	
"1526"	
"1527"	"0538-0022"
"1528"	
"1529"	
"1530"	
"1531"	
"1532"	
"1533"	
"1534"	
"1535"	
"1536"	
"1537"	
"1538"	
"1539"	
"1540"	
"1541"	
"1542"	
"1543"	
"1544"	
"1545"	
"1546"	"0020-3270"
"1547"	"0028-6664 y;0582-2092"
"1548"	
"1549"	
"1550"	
"1551"	
"1552"	
"1553"	
"1554"	
"1555"	
"1556"	
"1557"	
"1558"	"0096-1043"
"1559"	
"1560"	
"1561"	
"1562"	
"1563"	
"1564"	
"1565"	"0033-8907"
"1566"	
"1567"	
"1568"	
"1569"	
"1570"	
"1571"	
"1572"	"0325-1713"
"1573"	
"1574"	
"1575"	
"1576"	"0716-3258 y;0716-324X"
"1577"	
"1578"	
"1579"	
"1580"	
"1581"	
"1582"	
"1583"	
"1584"	
"1585"	"0326-3495"
"1586"	"0041-8587"
"1587"	"0041-8587"
"1588"	
"1589"	
"1590"	
"1591"	
"1592"	
"1593"	
"1594"	
"1595"	
"1596"	
"1597"	
"1598"	
"1599"	
"1600"	
"1601"	
"1602"	
"1603"	
"1604"	
"1605"	
"1606"	"0366-1490"
"1607"	
"1608"	
"1609"	
"1610"	
"1611"	
"1612"	
"1613"	
"1614"	
"1615"	
"1616"	"0325-9072"
"1617"	
"1618"	
"1619"	"0370-6176"
"1620"	
"1621"	
"1622"	
"1623"	
"1624"	
"1625"	
"1626"	
"1627"	
"1628"	
"1629"	
"1630"	
"1631"	
"1632"	
"1633"	
"1634"	
"1635"	
"1636"	"0035-2934"
"1637"	
"1638"	
"1639"	
"1640"	
"1641"	"0035-2144"
"1642"	
"1643"	
"1644"	"0035-2675"
"1645"	"0481-2085"
"1646"	"0755-754X"
"1647"	
"1648"	
"1649"	
"1650"	
"1651"	
"1652"	
"1653"	
"1654"	"0150-6838"
"1655"	
"1656"	
"1657"	
"1658"	
"1659"	"0957-4344"
"1660"	
"1661"	
"1662"	
"1663"	
"1664"	
"1665"	
"1666"	
"1667"	
"1668"	
"1669"	
"1670"	
"1671"	
"1672"	
"1673"	
"1674"	
"1675"	"0925-5834"
"1676"	
"1677"	"0009-305X"
"1678"	
"1679"	
"1680"	"0988-8047"
"1681"	
"1682"	
"1683"	
"1684"	
"1685"	
"1686"	
"1687"	"0034-9798"
"1688"	
"1689"	
"1690"	
"1691"	
"1692"	
"1693"	
"1694"	
"1695"	
"1696"	
"1697"	
"1698"	
"1699"	
"1700"	
"1701"	
"1702"	
"1703"	"0096-3631"
"1704"	
"1705"	
"1706"	
"1707"	
"1708"	
"1709"	
"1710"	"0370-8233"
"1711"	
"1712"	
"1713"	"0368-2390"
"1714"	"0370-9485 y de;0367-5742"
"1715"	
"1716"	
"1717"	
"1718"	
"1719"	"0039-2553"
"1720"	
"1721"	
"1722"	
"1723"	"0039-4912"
"1724"	
"1725"	"0004-7554"
"1726"	
"1727"	"0097-1421"
"1728"	
"1729"	"0325-2701"
"1730"	
"1731"	
"1732"	"0040-1730"
"1733"	
"1734"	
"1735"	
"1736"	
"1737"	
"1738"	
"1739"	
"1740"	"0325-5115"
"1741"	"0721-0345"
"1742"	
"1743"	
"1744"	
"1745"	
"1746"	
"1747"	
"1748"	
"1749"	
"1750"	
"1751"	
"1752"	
"1753"	
"1754"	
"1755"	
"1756"	
"1757"	
"1758"	
"1759"	
"1760"	
"1761"	
"1762"	
"1763"	
"1764"	
"1765"	
"1766"	
"1767"	
"1768"	
"1769"	
"1770"	
"1771"	
"1772"	
"1773"	
"1774"	
"1775"	
"1776"	
"1777"	"0002-8606"
"1778"	
"1779"	
"1780"	
"1781"	"0020-3270"
"1782"	
"1783"	
"1784"	
"1785"	
"1786"	
"1787"	
"1788"	"0096-4778"
"1789"	
"1790"	
"1791"	
"1792"	
"1793"	
"1794"	
"1795"	
"1796"	
"1797"	
"1798"	
"1799"	
"1800"	
"1801"	
"1802"	
"1803"	
"1804"	
"1805"	
"1806"	"0036-7907"
"1807"	
"1808"	
"1809"	
"1810"	
"1811"	
"1812"	
"1813"	"0943-2256"
"1814"	"0886-4675"
"1815"	
"1816"	
"1817"	
"1818"	"0191-815X"
"1819"	
"1820"	
"1821"	
"1822"	
"1823"	
"1824"	
"1825"	
"1826"	
"1827"	"0943-2248"
"1828"	
"1829"	
"1830"	
"1831"	
"1832"	
"1833"	
"1834"	
"1835"	"0340-2193"
"1836"	
"1837"	
"1838"	
"1839"	
"1840"	
"1841"	
"1842"	
"1843"	
"1844"	
"1845"	
"1846"	
"1847"	
"1848"	
"1849"	"0032-0153"
"1850"	"0029-5582"
"1851"	"0025-6528"
"1852"	
"1853"	"0043-1168"
"1854"	
"1855"	
"1856"	
"1857"	"0369-5808"
"1858"	"0304-2979"
"1859"	
"1860"	
"1861"	
"1862"	
"1863"	"0096-7564 y;0099-3336"
"1864"	
"1865"	
"1866"	
"1867"	
"1868"	
"1869"	
"1870"	
"1871"	"1344-9958"
"1872"	"0027-7657"
"1873"	
"1874"	
"1875"	
"1876"	
"1877"	
"1878"	
"1879"	"0143-7070"
"1880"	
"1881"	
"1882"	
"1883"	
"1884"	
"1885"	
"1886"	
"1887"	"0044-3689"
"1888"	
"1889"	
"1890"	
"1891"	
"1892"	
"1893"	"0019-2333"
"1894"	
"1895"	
"1896"	
"1897"	
"1898"	
"1899"	
"1900"	
"1901"	
"1902"	"1475-0414"
"1903"	
"1904"	
"1905"	
"1906"	
"1907"	
"1908"	
"1909"	
"1910"	
"1911"	"0069-2948"
"1912"	
"1913"	
"1914"	
"1915"	
"1916"	
"1917"	
"1918"	
"1919"	
"1920"	
"1921"	
"1922"	
"1923"	
"1924"	
"1925"	
"1926"	"0366-7766 y;0368-8313"
"1927"	
"1928"	
"1929"	
"1930"	
"1931"	
"1932"	
"1933"	
"1934"	
"1935"	
"1936"	
"1937"	
"1938"	
"1939"	
"1940"	
"1941"	
"1942"	
"1943"	"0191-3271"
"1944"	"0096-3860"
"1945"	"0278-856X"
"1946"	
"1947"	
"1948"	
"1949"	
"1950"	"0005-6529"
"1951"	
"1952"	
"1953"	
"1954"	
"1955"	
"1956"	
"1957"	
"1958"	
"1959"	
"1960"	
"1961"	"0143-7089 y;0143-7100"
"1962"	
"1963"	"0093-8343"
"1964"	"0271-4604"
"1965"	"0569-7964"
"1966"	"0569-7921"
"1967"	
"1968"	
"1969"	
"1970"	
"1971"	
"1972"	"0272-4375"
"1973"	
"1974"	
"1975"	
"1976"	
"1977"	
"1978"	
"1979"	
"1980"	
"1981"	
"1982"	
"1983"	
"1984"	
"1985"	
"1986"	
"1987"	
"1988"	
"1989"	
"1990"	
"1991"	
"1992"	
"1993"	
"1994"	"0004-0797"
"1995"	
"1996"	"0034-8627"
"1997"	"1667-0671"
"1998"	
"1999"	
"2000"	
"2001"	
"2002"	
"2003"	
"2004"	
"2005"	
"2006"	
"2007"	
"2008"	
"2009"	
"2010"	
"2011"	
"2012"	
"2013"	
"2014"	
"2015"	
"2016"	
"2017"	
"2018"	
"2019"	
"2020"	
"2021"	
"2022"	
"2023"	
"2024"	
"2025"	
"2026"	
"2027"	
"2028"	
"2029"	
"2030"	
"2031"	
"2032"	
"2033"	
"2034"	
"2035"	
"2036"	
"2037"	
"2038"	
"2039"	
"2040"	
"2041"	
"2042"	
"2043"	
"2044"	
"2045"	
"2046"	
"2047"	
"2048"	
"2049"	
"2050"	
"2051"	
"2052"	
"2053"	
"2054"	
"2055"	
"2056"	
"2057"	
"2058"	
"2059"	
"2060"	
"2061"	
"2062"	"0097-3955"
"2063"	"0767-9599"
"2064"	
"2065"	"0151-6965"
"2066"	
"2067"	"0035-3035"
"2068"	"0556-7815"
"2069"	
"2070"	
"2071"	"0568-3408"
"2072"	
"2073"	
"2074"	
"2075"	
"2076"	
"2077"	
"2078"	
"2079"	
"2080"	
"2081"	
"2082"	
"2083"	
"2084"	
"2085"	
"2086"	
"2087"	
"2088"	
"2089"	
"2090"	
"2091"	
"2092"	
"2093"	
"2094"	
"2095"	"0097-0352"
"2096"	
"2097"	
"2098"	
"2099"	
"2100"	
"2101"	
"2102"	
"2103"	
"2104"	
"2105"	
"2106"	
"2107"	
"2108"	
"2109"	
"2110"	"0570-8435"
"2111"	
"2112"	
"2113"	
"2114"	
"2115"	
"2116"	
"2117"	
"2118"	
"2119"	
"2120"	
"2121"	
"2122"	
"2123"	
"2124"	
"2125"	
"2126"	
"2127"	
"2128"	
"2129"	
"2130"	
"2131"	
"2132"	
"2133"	
"2134"	
"2135"	
"2136"	
"2137"	
"2138"	
"2139"	
"2140"	
"2141"	
"2142"	
"2143"	
"2144"	
"2145"	
"2146"	
"2147"	
"2148"	
"2149"	"0325-013X"
"2150"	
"2151"	
"2152"	"0018-9847"
"2153"	"0568-3440"
"2154"	"0366-1059"
"2155"	
"2156"	
"2157"	
"2158"	
"2159"	
"2160"	
"2161"	
"2162"	
"2163"	
"2164"	
"2165"	
"2166"	
"2167"	
"2168"	
"2169"	
"2170"	"0096-0594"
"2171"	
"2172"	
"2173"	
"2174"	
"2175"	
"2176"	
"2177"	
"2178"	
"2179"	
"2180"	"0329-0131"
"2181"	
"2182"	
"2183"	"0938-1643"
"2184"	
"2185"	
"2186"	
"2187"	"0319-4388"
"2188"	
"2189"	
"2190"	
"2191"	
"2192"	
"2193"	
"2194"	
"2195"	
"2196"	
"2197"	
"2198"	
"2199"	
"2200"	
"2201"	
"2202"	
"2203"	
"2204"	
"2205"	
"2206"	
"2207"	
"2208"	
"2209"	
"2210"	
"2211"	
"2212"	
"2213"	
"2214"	
"2215"	"0009-7861"
"2216"	
"2217"	
"2218"	
"2219"	
"2220"	
"2221"	"0370-7555"
"2222"	
"2223"	
"2224"	"0037-7368"
"2225"	
"2226"	
"2227"	
"2228"	
"2229"	
"2230"	
"2231"	"0370-8055"
"2232"	
"2233"	
"2234"	
"2235"	
"2236"	"0573-2166"
"2237"	
"2238"	
"2239"	
"2240"	
"2241"	
"2242"	
"2243"	
"2244"	
"2245"	
"2246"	
"2247"	
"2248"	
"2249"	
"2250"	
"2251"	
"2252"	
"2253"	
"2254"	
"2255"	
"2256"	
"2257"	
"2258"	
"2259"	
"2260"	"0100-4220"
"2261"	
"2262"	
"2263"	
"2264"	
"2265"	
"2266"	
"2267"	
"2268"	
"2269"	
"2270"	
"2271"	
"2272"	
"2273"	
"2274"	
"2275"	
"2276"	
"2277"	
"2278"	
"2279"	
"2280"	
"2281"	
"2282"	
"2283"	
"2284"	
"2285"	
"2286"	
"2287"	
"2288"	
"2289"	
"2290"	
"2291"	"1417-1780"
"2292"	
"2293"	
"2294"	
"2295"	
"2296"	
"2297"	"0003-7214"
"2298"	
"2299"	
"2300"	
"2301"	
"2302"	
"2303"	
"2304"	
"2305"	
"2306"	
"2307"	
"2308"	
"2309"	
"2310"	
"2311"	
"2312"	
"2313"	"0013-4287"
"2314"	
"2315"	
"2316"	
"2317"	
"2318"	
"2319"	
"2320"	"0372-848X"
"2321"	
"2322"	
"2323"	"0018-1557"
"2324"	
"2325"	"0569-5554"
"2326"	
"2327"	
"2328"	
"2329"	"0033-8400"
"2330"	
"2331"	
"2332"	
"2333"	
"2334"	
"2335"	
"2336"	
"2337"	
"2338"	"0022-4340"
"2339"	
"2340"	
"2341"	
"2342"	
"2343"	
"2344"	
"2345"	
"2346"	
"2347"	"0096-9648"
"2348"	
"2349"	
"2350"	
"2351"	
"2352"	
"2353"	
"2354"	
"2355"	
"2356"	
"2357"	"0309-3018"
"2358"	
"2359"	"0013-5305 y;0039-6001"
"2360"	
"2361"	
"2362"	
"2363"	
"2364"	
"2365"	
"2366"	
"2367"	
"2368"	
"2369"	
"2370"	
"2371"	
"2372"	
"2373"	
"2374"	
"2375"	
"2376"	"1539-8137"
"2377"	
"2378"	
"2379"	
"2380"	
"2381"	
"2382"	
"2383"	
"2384"	"0368-0932"
"2385"	"0367-3537"
"2386"	
"2387"	"0368-8976"
"2388"	
"2389"	
"2390"	"0371-4349"
"2391"	"0367-5491"
"2392"	
"2393"	"0368-4105"
"2394"	
"2395"	
"2396"	
"2397"	
"2398"	
"2399"	
"2400"	
"2401"	
"2402"	
"2403"	
"2404"	
"2405"	
"2406"	
"2407"	
"2408"	
"2409"	
"2410"	
"2411"	
"2412"	
"2413"	
"2414"	
"2415"	
"2416"	
"2417"	"0020-3459"
"2418"	
"2419"	
"2420"	
"2421"	
"2422"	"0308-9553"
"2423"	
"2424"	
"2425"	
"2426"	"0275-1682"
"2427"	
"2428"	
"2429"	
"2430"	
"2431"	"0097-2185"
"2432"	"0097-2452"
"2433"	"0035-3191"
"2434"	
"2435"	
"2436"	
"2437"	
"2438"	
"2439"	
"2440"	
"2441"	
"2442"	
"2443"	
"2444"	"0019-7696"
"2445"	
"2446"	
"2447"	
"2448"	
"2449"	
"2450"	
"2451"	"0035-3035"
"2452"	
"2453"	
"2454"	
"2455"	
"2456"	
"2457"	
"2458"	
"2459"	
"2460"	
"2461"	
"2462"	
"2463"	"0186-5714"
"2464"	
"2465"	
"2466"	
"2467"	
"2468"	
"2469"	"0368-2722"
"2470"	
"2471"	
"2472"	
"2473"	
"2474"	
"2475"	
"2476"	"0020-3513"
"2477"	
"2478"	
"2479"	
"2480"	
"2481"	
"2482"	"0096-4352"
"2483"	
"2484"	
"2485"	
"2486"	
"2487"	
"2488"	
"2489"	
"2490"	"0568-3408"
"2491"	
"2492"	
"2493"	
"2494"	
"2495"	
"2496"	
"2497"	
"2498"	
"2499"	"0021-1524"
"2500"	
"2501"	
"2502"	
"2503"	
"2504"	
"2505"	
"2506"	
"2507"	
"2508"	
"2509"	
"2510"	
"2511"	
"2512"	
"2513"	
"2514"	
"2515"	
"2516"	
"2517"	
"2518"	
"2519"	
"2520"	
"2521"	
"2522"	
"2523"	
"2524"	
"2525"	
"2526"	
"2527"	
"2528"	
"2529"	
"2530"	
"2531"	
"2532"	
"2533"	
"2534"	
"2535"	
"2536"	
"2537"	
"2538"	
"2539"	
"2540"	
"2541"	
"2542"	
"2543"	
"2544"	
"2545"	"0020-1057"
"2546"	
"2547"	
"2548"	
"2549"	
"2550"	
"2551"	
"2552"	
"2553"	
"2554"	
"2555"	
"2556"	
"2557"	
"2558"	
"2559"	
"2560"	
"2561"	
"2562"	
"2563"	
"2564"	"0177-4832"
"2565"	
"2566"	
"2567"	
"2568"	"0035-3035"
"2569"	
"2570"	
"2571"	
"2572"	
"2573"	
"2574"	
"2575"	
"2576"	
"2577"	
"2578"	
"2579"	
"2580"	"0304-0062"
"2581"	
"2582"	
"2583"	
"2584"	
"2585"	
"2586"	
"2587"	
"2588"	
"2589"	
"2590"	
"2591"	"0385-6542"
"2592"	"0018-1749"
"2593"	
"2594"	
"2595"	"0741-2223"
"2596"	
"2597"	
"2598"	
"2599"	
"2600"	
"2601"	
"2602"	
"2603"	
"2604"	
"2605"	
"2606"	
"2607"	
"2608"	
"2609"	
"2610"	
"2611"	
"2612"	
"2613"	
"2614"	
"2615"	
"2616"	
"2617"	
"2618"	
"2619"	
"2620"	
"2621"	"0035-9459"
"2622"	
"2623"	
"2624"	
"2625"	
"2626"	
"2627"	
"2628"	
"2629"	
"2630"	
"2631"	
"2632"	
"2633"	
"2634"	
"2635"	
"2636"	
"2637"	
"2638"	"0367-8180"
"2639"	
"2640"	
"2641"	
"2642"	
"2643"	
"2644"	"1436-7947"
"2645"	
"2646"	"0098-2571"
"2647"	
"2648"	
"2649"	"0096-8374"
"2650"	"0368-8577"
"2651"	
"2652"	"0370-0402"
"2653"	
"2654"	
"2655"	
"2656"	
"2657"	
"2658"	"0953-2269: Process Engineering, Plant and Control;0032-9606"
"2659"	
"2660"	"0365-9410"
"2661"	"0007-0424"
"2662"	
"2663"	
"2664"	
"2665"	
"2666"	
"2667"	
"2668"	
"2669"	"0097-6687"
"2670"	"0097-6695"
"2671"	
"2672"	
"2673"	
"2674"	
"2675"	
"2676"	"0325-6944"
"2677"	
"2678"	
"2679"	
"2680"	
"2681"	
"2682"	
"2683"	
"2684"	
"2685"	
"2686"	
"2687"	
"2688"	
"2689"	
"2690"	
"2691"	
"2692"	
"2693"	
"2694"	
"2695"	
"2696"	
"2697"	"0328-9834"
"2698"	
"2699"	
"2700"	
"2701"	
"2702"	
"2703"	
"2704"	
"2705"	
"2706"	
"2707"	
"2708"	
"2709"	
"2710"	
"2711"	
"2712"	"0370-6923"
"2713"	
"2714"	
"2715"	
"2716"	
"2717"	
"2718"	
"2719"	
"2720"	
"2721"	
"2722"	"0370-3428"
"2723"	
"2724"	
"2725"	"0066-211X"
"2726"	
"2727"	
"2728"	
"2729"	
"2730"	
"2731"	
"2732"	
"2733"	"1667-0639"
"2734"	"1667-0647"
"2735"	"1667-0655"
"2736"	"1667-0663"
"2737"	"0035-2144"
"2738"	
"2739"	
"2740"	
"2741"	
"2742"	"0099-1694"
"2743"	
"2744"	"0316-960X"
"2745"	"0008-4441"
"2746"	"0309-3948"
"2747"	
"2748"	
"2749"	
"2750"	
"2751"	
"2752"	
"2753"	
"2754"	
"2755"	
"2756"	
"2757"	
"2758"	
"2759"	
"2760"	
"2761"	
"2762"	
"2763"	
"2764"	
"2765"	
"2766"	
"2767"	
"2768"	
"2769"	
"2770"	
"2771"	"0043-1338"
"2772"	
"2773"	
"2774"	
"2775"	
"2776"	
"2777"	"0096-4050"
"2778"	"0096-9362"
"2779"	
"2780"	
"2781"	
"2782"	
"2783"	"0161-6323"
"2784"	"0043-888X"
"2785"	"0341-0285"
"2786"	
"2787"	
"2788"	
"2789"	
"2790"	
"2791"	
"2792"	
"2793"	
"2794"	
"2795"	
"2796"	
"2797"	
"2798"	"0375-5657"
"2799"	
"2800"	
"2801"	
"2802"	
"2803"	
"2804"	"0041-6894"
"2805"	
"2806"	
"2807"	
"2808"	
"2809"	
"2810"	
"2811"	
"2812"	
"2813"	"0371-5469 y;0524-5133"
"2814"	
"2815"	"0097-7071"
"2816"	
"2817"	
"2818"	
"2819"	
"2820"	"0341-2539"
"2821"	
"2822"	
"2823"	
"2824"	"0035-7332"
"2825"	
"2826"	
"2827"	
"2828"	
"2829"	
"2830"	
"2831"	
"2832"	
"2833"	"0373-3246"
"2834"	"1015-7115"
"2835"	"1224-7839"
"2836"	"1224-7847"
"2837"	
"2838"	"0032-6100"
"2839"	"0025-8989"
"2840"	
"2841"	
"2842"	
"2843"	
"2844"	
"2845"	
"2846"	
"2847"	
"2848"	
"2849"	"0010-4795"
"2850"	
"2851"	
"2852"	
"2853"	
"2854"	"0950-4117"
"2855"	
"2856"	
"2857"	
"2858"	
"2859"	
"2860"	
"2861"	
"2862"	
"2863"	
"2864"	
"2865"	
"2866"	
"2867"	"0034-4990"
"2868"	
"2869"	
"2870"	
"2871"	
"2872"	"0035-8967"
"2873"	
"2874"	
"2875"	
"2876"	"0374-2148"
"2877"	
"2878"	
"2879"	
"2880"	
"2881"	
"2882"	
"2883"	"0153-9477"
"2884"	"0035-1318"
"2885"	
"2886"	"0151-0606"
"2887"	"0151-0843"
"2888"	
"2889"	
"2890"	"0066-7145"
"2891"	"0570-8397"
"2892"	"0325-3066"
"2893"	
"2894"	
"2895"	"0327-8379"
"2896"	"0328-9370"
"2897"	
"2898"	"0344-4880"
"2899"	
"2900"	"0196-1431"
"2901"	
"2902"	"0366-6891"
"2903"	
"2904"	
"2905"	"0008-8900"
"2906"	"0368-8569"
"2907"	"0023-6160"
"2908"	"0368-9417"
"2909"	
"2910"	
"2911"	"0014-0058 y;0006-9820"
"2912"	
"2913"	
"2914"	"0097-4021"
"2915"	
"2916"	
"2917"	
"2918"	"0042-4331"
"2919"	"0370-5188"
"2920"	"0367-5181"
"2921"	"0042-4331"
"2922"	
"2923"	
"2924"	
"2925"	
"2926"	"0581-9695"
"2927"	"0465-4447"
"2928"	
"2929"	"0370-6001"
"2930"	"0340-5281"
"2931"	
"2932"	
"2933"	
"2934"	"0003-4304"
"2935"	
"2936"	
"2937"	
"2938"	"0888-4366"
"2939"	
"2940"	"0316-9626"
"2941"	
"2942"	"0044-3328;0930-1151 y;0178-7683"
"2943"	
"2944"	
"2945"	
"2946"	
"2947"	
"2948"	
"2949"	
"2950"	
"2951"	
"2952"	"0016-5026"
"2953"	
"2954"	
"2955"	
"2956"	
"2957"	
"2958"	
"2959"	"0018-3156"
"2960"	
"2961"	
"2962"	
"2963"	
"2964"	"0562-0963"
"2965"	
"2966"	
"2967"	"0245-9140"
"2968"	
"2969"	
"2970"	
"2971"	
"2972"	
"2973"	
"2974"	
"2975"	
"2976"	
"2977"	"0368-4490 y;0368-4482"
"2978"	
"2979"	
"2980"	
"2981"	
"2982"	
"2983"	
"2984"	"0015-055X,;1125-9590 y;0481-7273"
"2985"	
"2986"	
"2987"	
"2988"	
"2989"	
"2990"	
"2991"	
"2992"	"0366-7197"
"2993"	
"2994"	
"2995"	
"2996"	
"2997"	
"2998"	
"2999"	
"3000"	
"3001"	"0096-5138"
"3002"	
"3003"	
"3004"	
"3005"	
"3006"	
"3007"	
"3008"	
"3009"	
"3010"	
"3011"	
"3012"	
"3013"	
"3014"	
"3015"	
"3016"	"0098-1583"
"3017"	
"3018"	"0097-1944"
"3019"	
"3020"	
"3021"	
"3022"	
"3023"	
"3024"	
"3025"	
"3026"	
"3027"	
"3028"	
"3029"	
"3030"	
"3031"	"0018-1557"
"3032"	
"3033"	
"3034"	
"3035"	
"3036"	
"3037"	
"3038"	
"3039"	"0369-0989"
"3040"	"0370-8055"
"3041"	"0025-3316."
"3042"	
"3043"	
"3044"	
"3045"	
"3046"	
"3047"	
"3048"	
"3049"	
"3050"	
"3051"	
"3052"	"0278-4491"
"3053"	"1388-3445"
"3054"	
"3055"	
"3056"	
"3057"	
"3058"	
"3059"	
"3060"	
"3061"	
"3062"	
"3063"	
"3064"	
"3065"	
"3066"	
"3067"	"0096-6428"
"3068"	
"3069"	"0025-3316"
"3070"	
"3071"	"8756-1417"
"3072"	
"3073"	"0366-8134"
